{"Percent":{"0":5.0,"1":10.0,"2":15.0,"3":20.0,"4":25.0,"5":30.0,"6":35.0,"7":40.0,"8":45.0,"9":50.0,"10":55.0,"11":60.0,"12":65.0,"13":70.0,"14":75.0,"15":80.0,"16":85.0,"17":90.0,"18":95.0,"19":100.0},"Accuracy":{"0":0.5467532468,"1":0.6090909091,"2":0.6246753247,"3":0.6337662338,"4":0.6649350649,"5":0.6935064935,"6":0.6584415584,"7":0.638961039,"8":0.6935064935,"9":0.661038961,"10":0.6558441558,"11":0.6714285714,"12":0.6467532468,"13":0.7168831169,"14":0.687012987,"15":0.6961038961,"16":0.7571428571,"17":0.6753246753,"18":0.6844155844,"19":0.7116883117},"Consistency":{"0":0.2856459202,"1":0.6400105101,"2":0.4681167435,"3":0.7990111087,"4":0.3754786111,"5":0.4020194544,"6":0.6278455192,"7":0.8224975343,"8":0.4172893255,"9":0.564076915,"10":0.630308642,"11":0.4628516084,"12":0.851188455,"13":0.4518611313,"14":0.5406362312,"15":0.3824015544,"16":0.4681429744,"17":0.5809993186,"18":0.4374602612,"19":0.3877142148}}